{
  "Name": "Mutated Instruments",
  "Version": "1.0.0",
  "Factory Info": {
    "Vendor": "zynMI",
    "URL": "https://github.com/PatttF/zynMI",
    "E-Mail": "mailto:contact@zynmi.net",
    "Flags": {
      "Unicode": true,
      "Classes Discardable": false,
      "Component Non Discardable": false
    }
  },
  "Classes": [
    {
      "CID": "4D495F4D5554415445445F3030303031",
      "Category": "Audio Module Class",
      "Name": "Mutated Instruments",
      "Vendor": "zynMI",
      "Version": "1.0.0",
      "SDKVersion": "VST 3.8.0",
      "Sub Categories": [
        "Instrument",
        "Synth"
      ],
      "Class Flags": 1,
      "Cardinality": 2147483647,
      "Snapshots": []
    },
    {
      "CID": "4D495F4D5554415445445F3030303032",
      "Category": "Component Controller Class",
      "Name": "Mutated Instruments",
      "Vendor": "zynMI",
      "Version": "1.0.0",
      "SDKVersion": "VST 3.8.0",
      "Class Flags": 0,
      "Cardinality": 2147483647,
      "Snapshots": []
    }
  ]
}
